taxa,order,PC1,PC2,PC3,lat,long,state,K2,K3,species,K2_ext,K3_ext,K3_ext_species,wild_vs_breeding
S005WL,1,-44.215786,7.6643367,-12.419902,38.93311,-95.2152,KS,east,east,s_integrifolium,east,east,s_integrifolium_east,wild_collection
S005WM,2,-45.219994,9.428135,-15.9305935,38.93311,-95.2152,KS,east,east,s_integrifolium,east,east,s_integrifolium_east,wild_collection
S005WN,3,-50.69861,9.7522135,-14.542462,38.93311,-95.2152,KS,east,east,s_integrifolium,east,east,s_integrifolium_east,wild_collection
S005WP,4,-37.660927,8.237912,-14.228277,38.93311,-95.2152,KS,east,east,s_integrifolium,east,east,s_integrifolium_east,wild_collection
S005WQ,5,-43.575382,8.383888,-10.240214,NA,NA,N_A,N_A,N_A,s_integrifolium,N_A,N_A,s_integrifolium_NA,wild_collection
C1.21,6,-48.438942,11.179513,-17.365791,NA,NA,N_A,N_A,N_A,s_integrifolium,N_A,N_A,s_integrifolium_NA,wild_collection
S005WT,7,-39.31712,5.8430576,-9.5349865,38.93311,-95.2152,KS,east,east,s_integrifolium,east,east,s_integrifolium_east,wild_collection
S005WU,8,48.64709,-9.772055,-30.660704,38.98974,-94.7989,KS,east,east,s_integrifolium,east,east,s_integrifolium_east,wild_collection
S005WV,9,44.579216,-7.0185523,-31.778206,38.98974,-94.7989,KS,east,east,s_integrifolium,east,east,s_integrifolium_east,wild_collection
S005WW,10,30.873455,-10.297375,-12.284792,38.98974,-94.7989,KS,east,east,s_integrifolium,east,east,s_integrifolium_east,wild_collection
C2.18,11,44.804382,-8.770981,-32.025555,NA,NA,KS,N_A,N_A,s_integrifolium,N_A,N_A,s_integrifolium_NA,wild_collection
C2.21,12,44.37711,-7.3242626,-32.2284,NA,NA,KS,N_A,N_A,s_integrifolium,N_A,N_A,s_integrifolium_NA,wild_collection
S005WY,13,44.88693,-7.910767,-35.244534,NA,NA,N_A,N_A,N_A,s_integrifolium,N_A,N_A,s_integrifolium_NA,wild_collection
S005X0,14,42.86446,-7.5348086,-30.31536,38.98974,-94.7989,KS,east,east,s_integrifolium,east,east,s_integrifolium_east,wild_collection
S005X1,15,33.320606,-11.179041,-17.370968,38.98974,-94.7989,KS,east,east,s_integrifolium,east,east,s_integrifolium_east,wild_collection
C3.04,16,47.43746,26.760113,4.699144,NA,NA,KS,N_A,N_A,s_integrifolium,N_A,N_A,s_integrifolium_NA,wild_collection
S005X2,17,45.852924,-6.4383507,-32.702644,38.91733,-94.9745,KS,east,east,s_integrifolium,east,east,s_integrifolium_east,wild_collection
S005X3,18,13.135693,-0.5040032,-28.278807,38.91733,-94.9745,KS,east,east,s_integrifolium,east,east,s_integrifolium_east,wild_collection
S005X4,19,46.80573,-10.281106,-33.35136,38.91733,-94.9745,KS,east,east,s_integrifolium,east,east,s_integrifolium_east,wild_collection
S005X5,20,32.72605,-12.975549,-14.078757,38.91733,-94.9745,KS,east,east,s_integrifolium,east,east,s_integrifolium_east,wild_collection
C3.18,21,40.321304,-8.758638,-26.36373,NA,NA,KS,N_A,N_A,s_integrifolium,N_A,N_A,s_integrifolium_NA,wild_collection
S005X6,22,39.85142,-9.1375265,-25.96145,NA,NA,N_A,N_A,N_A,s_integrifolium,N_A,N_A,s_integrifolium_NA,wild_collection
S005X7,23,34.34828,-6.951428,-18.099583,NA,NA,N_A,N_A,N_A,s_integrifolium,N_A,N_A,s_integrifolium_NA,wild_collection
S005X8,24,43.402847,-10.482707,-26.176262,38.96836,-95.0102,KS,east,east,s_integrifolium,east,east,s_integrifolium_east,wild_collection
S005X9,25,43.883392,-10.912468,-22.752954,38.96836,-95.0102,KS,east,east,s_integrifolium,east,east,s_integrifolium_east,wild_collection
S005XA,26,40.85731,-5.8666267,-25.931366,38.96836,-95.0102,KS,east,east,s_integrifolium,east,east,s_integrifolium_east,wild_collection
S005XC,27,44.797516,-8.796895,-26.903355,38.96836,-95.0102,KS,east,east,s_integrifolium,east,east,s_integrifolium_east,wild_collection
S005XE,28,44.71281,-7.8533216,-27.743914,38.96836,-95.0102,KS,east,east,s_integrifolium,east,east,s_integrifolium_east,wild_collection
S005XH,29,36.426006,-10.956476,-16.945559,38.96836,-95.0102,KS,east,east,s_integrifolium,east,east,s_integrifolium_east,wild_collection
S005XJ,30,37.41657,-7.2910466,-17.53587,38.96836,-95.0102,KS,east,east,s_integrifolium,east,east,s_integrifolium_east,wild_collection
S005XK,31,44.030502,21.707735,12.3365755,NA,NA,N_A,N_A,N_A,s_integrifolium,N_A,N_A,s_integrifolium_NA,wild_collection
S005XL,32,45.28958,24.489122,9.327352,40.46103,-87.9242,IL,east,northeast,s_integrifolium,east,northeast,s_integrifolium_northeast,wild_collection
S005XM,33,37.53222,19.899378,12.370105,NA,NA,N_A,N_A,N_A,s_integrifolium,N_A,N_A,s_integrifolium_NA,wild_collection
S005XN,34,36.086594,15.1071415,13.077059,40.46103,-87.9242,IL,east,northeast,s_integrifolium,east,northeast,s_integrifolium_northeast,wild_collection
S005XP,35,47.06985,27.032576,7.533728,NA,NA,N_A,N_A,N_A,s_integrifolium,N_A,N_A,s_integrifolium_NA,wild_collection
S005XQ,36,46.215,27.28252,7.01857,40.46103,-87.9242,IL,east,northeast,s_integrifolium,east,northeast,s_integrifolium_northeast,wild_collection
S005XR,37,22.308058,25.98671,3.5118034,40.46103,-87.9242,IL,east,northeast,s_integrifolium,east,northeast,s_integrifolium_northeast,wild_collection
E1.87,38,46.4738,24.048424,9.847767,NA,NA,IL,N_A,N_A,s_integrifolium,N_A,N_A,s_integrifolium_NA,wild_collection
E2.63,39,43.97381,23.242266,6.5220814,NA,NA,N_A,N_A,N_A,s_integrifolium,N_A,N_A,s_integrifolium_NA,wild_collection
E2.64,40,49.716427,27.728825,4.630951,NA,NA,IL,N_A,N_A,s_integrifolium,N_A,N_A,s_integrifolium_NA,wild_collection
S005XU,41,47.576836,28.113224,5.696445,40.44508,-88.0973,IL,east,northeast,s_integrifolium,east,northeast,s_integrifolium_northeast,wild_collection
S005XV,42,52.80395,27.760502,4.032759,40.44508,-88.0973,IL,east,northeast,s_integrifolium,east,northeast,s_integrifolium_northeast,wild_collection
S005XW,43,50.94242,29.042145,2.4359086,40.44508,-88.0973,IL,east,northeast,s_integrifolium,east,northeast,s_integrifolium_northeast,wild_collection
E2.81,44,47.10541,26.160505,3.8917265,NA,NA,IL,N_A,N_A,s_integrifolium,N_A,N_A,s_integrifolium_NA,wild_collection
S005XY,45,-1.4214181,15.176854,4.405947,40.44508,-88.0973,IL,east,northeast,s_integrifolium,east,northeast,s_integrifolium_northeast,wild_collection
E3.16,46,49.251728,25.35103,4.5393825,NA,NA,IL,N_A,N_A,s_integrifolium,N_A,N_A,s_integrifolium_NA,wild_collection
S005Y1,47,49.02347,26.269262,6.130237,40.52732,-88.0765,IL,east,northeast,s_integrifolium,east,northeast,s_integrifolium_northeast,wild_collection
S005Y2,48,27.424452,15.459474,8.446099,40.52732,-88.0765,IL,east,northeast,s_integrifolium,east,northeast,s_integrifolium_northeast,wild_collection
S005Y4,49,47.813984,23.968763,5.943764,40.52732,-88.0765,IL,east,northeast,s_integrifolium,east,northeast,s_integrifolium_northeast,wild_collection
S005Y5,50,38.24938,17.219711,11.30561,40.52732,-88.0765,IL,east,northeast,s_integrifolium,east,northeast,s_integrifolium_northeast,wild_collection
S005Y6,51,41.46311,21.024956,11.289476,40.7467,-88.6143,IL,east,northeast,s_integrifolium,east,northeast,s_integrifolium_northeast,wild_collection
S005Y7,52,40.44428,7.9291925,5.313594,40.7467,-88.6143,IL,east,northeast,s_integrifolium,east,northeast,s_integrifolium_northeast,wild_collection
S005Y8,53,43.99527,21.127602,8.581214,40.7467,-88.6143,IL,east,northeast,s_integrifolium,east,northeast,s_integrifolium_northeast,wild_collection
S005Y9,54,29.37138,10.213901,11.772055,NA,NA,N_A,N_A,N_A,s_integrifolium,N_A,N_A,s_integrifolium_NA,wild_collection
S005YA,55,33.97497,13.991514,12.383954,NA,NA,N_A,N_A,N_A,s_integrifolium,N_A,N_A,s_integrifolium_NA,wild_collection
S005YC,56,47.364742,24.027668,6.7851763,40.7467,-88.6143,IL,east,northeast,s_integrifolium,east,northeast,s_integrifolium_northeast,wild_collection
S005YE,57,44.74274,23.61019,6.266214,40.7467,-88.6143,IL,east,northeast,s_integrifolium,east,northeast,s_integrifolium_northeast,wild_collection
S005YF,58,45.290195,24.970486,8.978732,NA,NA,N_A,N_A,N_A,s_integrifolium,N_A,N_A,s_integrifolium_NA,wild_collection
S005YH,59,-60.690956,16.727434,-5.161019,NA,NA,elite_genet,N_A,N_A,s_integrifolium,N_A,N_A,s_integrifolium_NA,breeding
S005YJ,60,-60.94807,14.110194,0.24207625,NA,NA,elite_genet,N_A,N_A,s_integrifolium,N_A,N_A,s_integrifolium_NA,breeding
S005YK,61,-45.524082,0.07984048,15.484493,NA,NA,elite_genet,N_A,N_A,s_integrifolium,N_A,N_A,s_integrifolium_NA,breeding
S005YL,62,-55.453682,8.4249735,-5.749512,38.95086,-98.151,KS,west,west,s_integrifolium,west,west,s_integrifolium_west,wild_collection
S005YM,63,-52.55947,8.246552,-4.282926,38.95086,-98.151,KS,west,west,s_integrifolium,west,west,s_integrifolium_west,wild_collection
S005YN,64,-58.55634,12.339206,-10.3849,38.95086,-98.151,KS,west,west,s_integrifolium,west,west,s_integrifolium_west,wild_collection
S005YP,65,-56.17689,14.618999,-13.967383,NA,NA,N_A,N_A,N_A,s_integrifolium,N_A,N_A,s_integrifolium_NA,wild_collection
S005YQ,66,-60.4372,17.139751,-16.287457,38.95086,-98.151,KS,west,west,s_integrifolium,west,west,s_integrifolium_west,wild_collection
S005YR,67,-59.26196,12.599045,-11.512319,38.95086,-98.151,KS,west,west,s_integrifolium,west,west,s_integrifolium_west,wild_collection
S005YT,68,-59.45699,13.739206,-10.709454,38.95086,-98.151,KS,west,west,s_integrifolium,west,west,s_integrifolium_west,wild_collection
S005YU,69,-47.677013,9.147094,-8.562896,39.06678,-98.5651,KS,west,west,s_integrifolium,west,west,s_integrifolium_west,wild_collection
S005YV,70,-51.964916,11.726468,-12.122107,39.06678,-98.5651,KS,west,west,s_integrifolium,west,west,s_integrifolium_west,wild_collection
S005YW,71,-54.102085,13.849157,-16.92818,39.06678,-98.5651,KS,west,west,s_integrifolium,west,west,s_integrifolium_west,wild_collection
S005YX,72,-47.878742,5.082583,-2.3453047,39.06678,-98.5651,KS,west,west,s_integrifolium,west,west,s_integrifolium_west,wild_collection
S005YY,73,-48.073875,5.067312,-1.4432122,39.06678,-98.5651,KS,west,west,s_integrifolium,west,west,s_integrifolium_west,wild_collection
S00600,74,-58.278072,11.809671,-9.9185295,39.06678,-98.5651,KS,west,west,s_integrifolium,west,west,s_integrifolium_west,wild_collection
S00601,75,-54.57219,16.853441,-18.574606,39.06678,-98.5651,KS,west,west,s_integrifolium,west,west,s_integrifolium_west,wild_collection
S00602,76,-54.10488,15.266188,-13.671533,39.06678,-98.5651,KS,west,west,s_integrifolium,west,west,s_integrifolium_west,wild_collection
S00603,77,-57.994926,11.5547285,-9.903975,39.40158,-99.2865,KS,west,west,s_integrifolium,west,west,s_integrifolium_west,wild_collection
S00604,78,-52.961243,10.188085,-10.051704,39.40158,-99.2865,KS,west,west,s_integrifolium,west,west,s_integrifolium_west,wild_collection
S00605,79,-54.987183,16.69068,-19.228897,39.40158,-99.2865,KS,west,west,s_integrifolium,west,west,s_integrifolium_west,wild_collection
S00606,80,-59.31267,11.513552,-11.592187,39.40158,-99.2865,KS,west,west,s_integrifolium,west,west,s_integrifolium_west,wild_collection
S00607,81,-48.22191,8.51345,-7.028522,39.40158,-99.2865,KS,west,west,s_integrifolium,west,west,s_integrifolium_west,wild_collection
S00608,82,-57.515057,9.357865,-4.322861,39.40158,-99.2865,KS,west,west,s_integrifolium,west,west,s_integrifolium_west,wild_collection
S00609,83,-19.569256,4.522963,-7.005431,39.40158,-99.2865,KS,west,west,s_integrifolium,west,west,s_integrifolium_west,wild_collection
S0060A,84,-57.953926,14.712596,-16.137201,39.40158,-99.2865,KS,west,west,s_integrifolium,west,west,s_integrifolium_west,wild_collection
S0060C,85,-55.027126,9.014758,-7.564547,38.69626,-97.6129,KS,west,west,s_integrifolium,west,west,s_integrifolium_west,wild_collection
S0060E,86,-49.618378,5.311675,-1.5464039,38.69626,-97.6129,KS,west,west,s_integrifolium,west,west,s_integrifolium_west,wild_collection
S0060F,87,-36.906273,3.7545185,0.42765146,38.69626,-97.6129,KS,west,west,s_integrifolium,west,west,s_integrifolium_west,wild_collection
S0060H,88,-58.679413,12.949845,-13.607586,38.69626,-97.6129,KS,west,west,s_integrifolium,west,west,s_integrifolium_west,wild_collection
S0060J,89,-59.20023,16.160635,-14.917002,38.69626,-97.6129,KS,west,west,s_integrifolium,west,west,s_integrifolium_west,wild_collection
S0060L,90,-57.766193,9.925495,-6.906797,38.69626,-97.6129,KS,west,west,s_integrifolium,west,west,s_integrifolium_west,wild_collection
W4.14,91,-44.18146,7.532773,-3.0867693,NA,NA,KS,N_A,N_A,s_integrifolium,N_A,N_A,s_integrifolium_NA,wild_collection
S005QF,92,38.835827,-11.018718,-9.711678,36.12867,-91.1576,AR,east,east,s_integrifolium,east,east,s_integrifolium_east,wild_collection
S005QN,93,29.002405,-10.529826,-3.29581,41.53954,-94.1562387,IA,east,east,s_integrifolium,east,east,s_integrifolium_east,wild_collection
S005QP,94,21.483044,-12.64353,-2.6562514,36.69925,-95.5084,OK,west,west,s_integrifolium,west,west,s_integrifolium_west,wild_collection
S005QT,95,-19.798971,-31.70861,-6.1933365,33.69922,-95.6473,TX,N_A,N_A,s_radula,N_A,N_A,s_radula,wild_collection
S005QW,96,17.443989,7.0807085,11.098548,33.51464,-89.1322,MS,east,east,s_integrifolium,east,east,s_integrifolium_east,wild_collection
S005QX,97,37.351345,-19.41821,-1.9557971,33.51464,-89.1322,MS,east,east,s_integrifolium,east,east,s_integrifolium_east,wild_collection
S005QY,98,-43.582382,-0.53208125,-8.099008,36.86197,-96.4204,OK,west,west,s_integrifolium,west,west,s_integrifolium_west,wild_collection
S005RA,99,25.46683,-13.797939,-13.3411875,41.25269,-94.9856,IA,east,east,s_integrifolium,east,east,s_integrifolium_east,wild_collection
S005RC,100,38.495438,-15.065209,-14.994655,41.25269,-94.9856,IA,east,east,s_integrifolium,east,east,s_integrifolium_east,wild_collection
S005RK,101,25.746239,-18.038977,3.444043,34.94511,-90.0169,MS,east,east,s_integrifolium,east,east,s_integrifolium_east,wild_collection
S005RL,102,-43.888927,-8.5884,-6.995652,36.72808,-95.8743,OK,west,west,s_integrifolium,west,west,s_integrifolium_west,wild_collection
S005RM,103,36.60601,-8.950679,-1.9025524,42.54858,-91.7571799,IA,east,east,s_integrifolium,east,east,s_integrifolium_east,wild_collection
S005RN,104,39.919743,-12.408476,-16.196249,36.66453,-95.3068,OK,west,west,s_integrifolium,west,west,s_integrifolium_west,wild_collection
S005RQ,105,3.0029757,-28.244806,12.039679,34.77003,-94.6445,OK,west,west,s_radula,west,west,s_radula,wild_collection
S005RU,106,46.596134,16.897211,9.475411,43.55811,-89.6843,WI,east,northeast,s_integrifolium,east,northeast,s_integrifolium_northeast,wild_collection
S005RV,107,42.007996,16.367765,9.199658,43.56176,-89.6557,WI,east,northeast,s_integrifolium,east,northeast,s_integrifolium_northeast,wild_collection
S005RY,108,-23.8472,-40.032875,-8.060203,35.26778,-95.8253,OK,west,west,s_radula,west,west,s_radula,wild_collection
S005T1,109,3.191125,-30.194456,10.572818,34.77003,-94.6445,OK,west,west,s_radula,west,west,s_radula,wild_collection
S005T4,110,37.2416,-18.416708,-12.364206,37.29903,-94.4164,MO,east,east,s_integrifolium,east,east,s_integrifolium_east,wild_collection
S005T9,111,-23.715475,-35.71581,-8.075138,35.26906,-95.922,OK,west,west,s_radula,west,west,s_radula,wild_collection
S005TA,112,-23.04497,-34.467518,-8.251231,35.26906,-95.922,OK,west,west,s_radula,west,west,s_radula,wild_collection
S005TC,113,32.85794,-14.7757,-8.636119,36.66453,-95.3068,OK,west,west,s_integrifolium,west,west,s_integrifolium_west,wild_collection
S005TE,114,-26.422132,-36.02022,-9.061981,35.54856,-95.9514,OK,west,west,s_radula,west,west,s_radula,wild_collection
S005TJ,115,-49.842834,-3.8283699,-7.6153564,36.84464,-96.4273,OK,west,west,s_integrifolium,west,west,s_integrifolium_west,wild_collection
S005TN,116,25.404226,-10.171813,0.37182114,41.04884,-94.1002177,IA,east,east,s_integrifolium,east,east,s_integrifolium_east,wild_collection
S005TU,117,36.344963,-13.512654,-3.6644392,36.27336,-91.3548,AR,east,east,s_integrifolium,east,east,s_integrifolium_east,wild_collection
S005TY,118,38.86938,-6.6728625,-11.633722,40.60216,-92.8004332,IA,east,east,s_integrifolium,east,east,s_integrifolium_east,wild_collection
S005U2,119,36.945953,12.99617,7.6575885,42.20144,-89.1731,IL,east,east,s_integrifolium,east,east,s_integrifolium_east,wild_collection
S005U3,120,9.417628,-52.8159,79.55732,42.20144,-89.1731,IL,east,east,s_perfoliatum,east,east,s_perfoliatum,wild_collection
S005U4,121,25.423859,-12.28378,-0.6118208,37.91557,-93.9818,MO,east,east,s_integrifolium,east,east,s_integrifolium_east,wild_collection
S005U7,122,35.246384,-12.500712,-7.53908,40.93512,-92.8024906,IA,east,east,s_integrifolium,east,east,s_integrifolium_east,wild_collection
S005U9,123,41.834927,-7.5427,-15.302532,40.86305,-92.8968331,IA,east,east,s_integrifolium,east,east,s_integrifolium_east,wild_collection
S005UA,124,46.718292,17.621208,5.6782703,37.96318,-94.705,KS,east,east,s_integrifolium,east,east,s_integrifolium_east,wild_collection
S005UF,125,24.784803,-22.259836,2.4166186,37.91737,-94.0036,MO,east,east,s_integrifolium,east,east,s_integrifolium_east,wild_collection
S005UK,126,-13.77817,-34.51537,4.1626806,30.55917,-96.2375,TX,N_A,N_A,s_radula,N_A,N_A,s_radula,wild_collection
S005UM,127,-17.501417,-38.283913,3.9929783,30.54,-96.04027778,TX,N_A,N_A,s_radula,N_A,N_A,s_radula,wild_collection
S005UN,128,-13.821751,-31.65155,-0.19537678,30.54,-96.04027778,TX,N_A,N_A,s_radula,N_A,N_A,s_radula,wild_collection
S005V3,129,-56.11876,9.36475,-8.28641,41.62292,-97.9353,NE,west,west,s_integrifolium,west,west,s_integrifolium_west,wild_collection
S005V6,130,-5.4236946,3.564454,-5.894188,41.49604,-94.0608076,IA,east,east,s_integrifolium,east,east,s_integrifolium_east,wild_collection
S005VC,131,50.391537,20.234558,6.0737925,43.56176,-89.6557,WI,east,northeast,s_integrifolium,east,northeast,s_integrifolium_northeast,wild_collection
S005VE,132,41.190292,-8.329875,-14.11992,40.9771,-94.1764724,IA,east,east,s_integrifolium,east,east,s_integrifolium_east,wild_collection
S005VH,133,-20.626465,-30.63069,-6.503882,35.48981,-95.6183,OK,west,west,s_radula,west,west,s_radula,wild_collection
S005VJ,134,-25.028008,-33.237537,-6.25921,36.24761,-95.3364,OK,west,west,s_radula,west,west,s_radula,wild_collection
S005VK,135,36.111763,-19.013647,-8.340435,37.29903,-94.4164,MO,east,east,s_integrifolium,east,east,s_integrifolium_east,wild_collection
S005VL,136,43.21054,-11.565012,-14.219474,41.02281,-92.878611,IA,east,east,s_integrifolium,east,east,s_integrifolium_east,wild_collection
S005VM,137,-55.486637,11.0014515,-8.6245575,42.14294,-96.3855,NE,west,west,s_integrifolium,west,west,s_integrifolium_west,wild_collection
S005VQ,138,-12.889298,-31.665695,6.948879,35.25375,-95.1894,OK,west,west,s_radula,west,west,s_radula,wild_collection
S005VR,139,-24.086103,-38.51616,-10.30076,35.26778,-95.8253,OK,west,west,s_radula,west,west,s_radula,wild_collection
S005W0,140,-58.215508,12.648292,-12.867755,41.405,-97.7092,N_A,N_A,N_A,s_integrifolium,N_A,N_A,s_integrifolium_NA,wild_collection
S005W1,141,-29.377237,-3.206537,5.538863,39.1061,-96.5993,N_A,N_A,N_A,s_integrifolium,N_A,N_A,s_integrifolium_NA,wild_collection
S005W2,142,-14.708492,-35.472797,4.9843435,30.39889,-96.0903,TX,N_A,N_A,s_radula,N_A,N_A,s_radula,wild_collection
S005W4,143,22.647194,-32.84016,25.699766,36.79122,-87.4569,KY,east,east,s_integrifolium,east,east,s_integrifolium_east,wild_collection
S005W5,144,24.63444,-32.104816,25.682749,36.79122,-87.4569,KY,east,east,s_integrifolium,east,east,s_integrifolium_east,wild_collection
S005WJ,145,-23.724552,-36.8511,-8.522527,33.69922,-95.6473,TX,N_A,N_A,s_radula,N_A,N_A,s_radula,wild_collection
S0060N,146,-44.072548,7.317654,2.0903316,NA,NA,check,N_A,N_A,s_integrifolium,N_A,N_A,s_integrifolium_NA,breeding
S0060R,147,-62.372868,12.228053,-1.9090827,NA,NA,check,N_A,N_A,s_integrifolium,N_A,N_A,s_integrifolium_NA,breeding
S0060V,148,-37.291794,-3.2416372,8.765268,NA,NA,N_A,N_A,N_A,s_integrifolium,N_A,N_A,s_integrifolium_NA,N_A
S0060X,149,-54.433025,8.657301,-8.353864,39.1061,-96.5993,KS,west,west,s_integrifolium,west,west,s_integrifolium_west,wild_collection
S0060Y,150,36.45777,-14.085056,-14.597331,37.29903,-94.4164,MO,east,east,s_integrifolium,east,east,s_integrifolium_east,wild_collection
S00611,151,-66.26778,9.475308,20.334587,NA,NA,Bad_Astra,N_A,N_A,s_integrifolium,N_A,N_A,s_integrifolium_NA,breeding
S00612,152,10.161334,-58.97033,96.75722,42.13075,-98.0382,NE,west,west,s_perfoliatum,west,west,s_perfoliatum,wild_collection
S00613,153,-29.18756,-28.421759,69.70059,NA,NA,F1,N_A,N_A,integrifolium_x_perfoliatum,N_A,N_A,s_integrifolium_x_perfoliatum,breeding
S00616,154,-29.390705,-24.281277,62.64118,NA,NA,F1,N_A,N_A,integrifolium_x_perfoliatum,N_A,N_A,s_integrifolium_x_perfoliatum,breeding
S00618,155,-62.752323,7.134443,13.038392,NA,NA,F1,N_A,N_A,s_integrifolium,N_A,N_A,s_integrifolium_NA,breeding
S0061C,156,-29.841644,-26.338987,65.8622,NA,NA,F1,N_A,N_A,integrifolium_x_perfoliatum,N_A,N_A,s_integrifolium_x_perfoliatum,breeding
S0061E,157,-2.811505,30.128668,17.843435,NA,NA,N_A,N_A,N_A,s_integrifolium,N_A,N_A,s_integrifolium_NA,breeding
S0061F,158,-63.38,12.302576,-3.0044832,NA,NA,N_A,N_A,N_A,s_integrifolium,N_A,N_A,s_integrifolium_NA,breeding
S0061J,159,46.7476,34.542404,26.226997,NA,NA,N_A,N_A,N_A,s_integrifolium,N_A,N_A,s_integrifolium_NA,breeding
S0061K,160,-36.653088,3.5129693,3.7823567,NA,NA,N_A,N_A,N_A,s_integrifolium,N_A,N_A,s_integrifolium_NA,breeding
S0061M,161,-38.065014,-1.5880531,8.7184925,NA,NA,N_A,N_A,N_A,s_integrifolium,N_A,N_A,s_integrifolium_NA,breeding
S0061N,162,-58.017986,9.638311,-1.355765,NA,NA,N_A,N_A,N_A,s_integrifolium,N_A,N_A,s_integrifolium_NA,breeding
S0061R,163,51.603344,45.590267,22.145006,NA,NA,N_A,N_A,N_A,s_integrifolium,N_A,N_A,s_integrifolium_NA,breeding
S0061T,164,1.7285625,13.367381,19.685114,NA,NA,N_A,N_A,N_A,s_integrifolium,N_A,N_A,s_integrifolium_NA,breeding
S0061V,165,23.372322,42.772736,22.843136,NA,NA,N_A,N_A,N_A,s_integrifolium,N_A,N_A,s_integrifolium_NA,breeding
S0061W,166,-64.423874,12.1803665,1.6300117,NA,NA,N_A,N_A,N_A,s_integrifolium,N_A,N_A,s_integrifolium_NA,breeding
S00621,167,-32.27622,14.202017,5.1669645,NA,NA,N_A,N_A,N_A,s_integrifolium,N_A,N_A,s_integrifolium_NA,breeding
S00622,168,26.011757,43.953773,20.907724,NA,NA,N_A,N_A,N_A,s_integrifolium,N_A,N_A,s_integrifolium_NA,breeding
S00626,169,27.184875,41.584118,27.285982,NA,NA,N_A,N_A,N_A,s_integrifolium,N_A,N_A,s_integrifolium_NA,breeding
S0062C,170,-58.722565,8.27904,0.11282255,NA,NA,N_A,N_A,N_A,s_integrifolium,N_A,N_A,s_integrifolium_NA,breeding
S0062H,171,25.084272,42.4055,24.934177,NA,NA,AL,N_A,N_A,s_integrifolium,N_A,N_A,s_integrifolium_NA,breeding
S0062J,172,0.57488614,-6.294795,11.593067,NA,NA,N_A,N_A,N_A,s_integrifolium,N_A,N_A,s_integrifolium_NA,breeding
S0062L,173,33.74175,31.471186,23.211777,NA,NA,N_A,N_A,N_A,s_integrifolium,N_A,N_A,s_integrifolium_NA,breeding
S0062T,174,-62.262184,9.048258,13.464901,NA,NA,N_A,N_A,N_A,s_integrifolium,N_A,N_A,s_integrifolium_NA,breeding
S0062U,175,5.5470862,11.685579,-8.4670515,NA,NA,elite_genet,N_A,N_A,s_integrifolium,N_A,N_A,s_integrifolium_NA,breeding
S0045M,176,-34.71609,12.04922,6.653479,NA,NA,N_A,N_A,N_A,s_integrifolium,N_A,N_A,s_integrifolium_NA,breeding
S005QE,177,44.089115,10.892971,6.141427,41.96783,-90.3832042,IA,east,east,s_integrifolium,east,east,s_integrifolium_east,wild_collection
S005QJ,178,45.52947,15.81958,9.7471695,43.55811,-89.6843,WI,east,northeast,s_integrifolium,east,northeast,s_integrifolium_northeast,wild_collection
S005QK,179,26.569338,-23.053005,1.0874437,NA,NA,N_A,N_A,N_A,s_integrifolium,N_A,N_A,s_integrifolium_NA,wild_collection
S005QL,180,30.42767,-22.37991,7.266662,33.59772,-88.8122,MS,east,east,s_integrifolium,east,east,s_integrifolium_east,wild_collection
S005QM,181,-23.628824,-33.452785,-11.245276,35.54856,-95.9514,OK,west,west,s_radula,west,west,s_radula,wild_collection
S005QQ,182,31.066324,-20.919624,-2.076604,34.34467,-89.7259,MS,east,east,s_integrifolium,east,east,s_integrifolium_east,wild_collection
S005QR,183,38.08434,-16.72617,-14.003944,41.25269,-94.9856,IA,east,east,s_integrifolium,east,east,s_integrifolium_east,wild_collection
S005QV,184,5.1487384,-31.144434,-0.18823121,34.77003,-94.6445,OK,west,west,s_radula,west,west,s_radula,wild_collection
S005R0,185,-54.72526,7.3352456,-4.8937473,38.47769,-97.4689,KS,west,west,s_integrifolium,west,west,s_integrifolium_west,wild_collection
S005R2,186,43.250965,-9.755505,-14.701799,41.22718,-93.5677327,IA,east,east,s_integrifolium,east,east,s_integrifolium_east,wild_collection
S005R6,187,36.157715,-17.055016,-8.0932045,32.48381,-90.0997,MS,east,east,s_integrifolium,east,east,s_integrifolium_east,wild_collection
S005R8,188,35.298935,-8.638137,1.349088,41.60749,-91.74554,IA,east,east,s_integrifolium,east,east,s_integrifolium_east,wild_collection
S005R9,189,-22.466831,-35.524784,-10.346132,33.69922,-95.6473,TX,N_A,N_A,s_radula,N_A,N_A,s_radula,wild_collection
S005RE,190,28.049263,-22.592253,1.3973026,33.34633,-89.7495,MS,east,east,s_integrifolium,east,east,s_integrifolium_east,wild_collection
S005RF,191,-31.645916,-14.859047,-0.088022314,36.72819,-95.823,OK,west,west,s_integrifolium,west,west,s_integrifolium_west,wild_collection
S005RH,192,-33.425636,-12.174536,-9.553767,36.71372,-95.7128,OK,west,west,s_integrifolium,west,west,s_integrifolium_west,wild_collection
S005RJ,193,-42.100338,-2.1039298,-2.183845,38.68219,-97.1669,KS,west,west,s_integrifolium,west,west,s_integrifolium_west,wild_collection
S005RP,194,37.25198,-13.435827,-13.344602,36.66453,-95.3068,OK,west,west,s_integrifolium,west,west,s_integrifolium_west,wild_collection
S005RT,195,4.6874776,-26.213335,1.9654168,34.77003,-94.6445,OK,west,west,s_radula,west,west,s_radula,wild_collection
S005RX,196,36.686726,-15.654026,-5.300064,33.27442,-89.2962,MS,east,east,s_integrifolium,east,east,s_integrifolium_east,wild_collection
S005T0,197,-21.527426,-35.063763,-11.28688,35.26778,-95.8253,OK,west,west,s_radula,west,west,s_radula,wild_collection
S005T2,198,-12.716484,-20.271198,4.569266,36.695,-95.3765,OK,west,west,s_radula,west,west,s_radula,wild_collection
S005T3,199,-44.48651,-0.35549474,2.4786458,41.405,-97.7092,NE,west,west,s_integrifolium,west,west,s_integrifolium_west,wild_collection
S005T6,200,38.773834,-13.660582,-8.963346,33.70853,-89.7683,MS,east,east,s_integrifolium,east,east,s_integrifolium_east,wild_collection
S005T7,201,-17.737183,-34.518654,4.19215,35.26778,-95.8253,OK,west,west,s_radula,west,west,s_radula,wild_collection
S005TF,202,-50.3663,4.9864626,-5.806104,33.70853,-89.7683,MS,east,east,s_integrifolium,east,east,s_integrifolium_east,wild_collection
S005TH,203,-9.0146675,-0.57226026,-11.334265,36.12867,-91.1576,AR,east,east,s_integrifolium,east,east,s_integrifolium_east,wild_collection
S005TK,204,-56.957516,9.812347,-9.421835,42.04191,-93.7278984,IA,west,west,s_integrifolium,west,west,s_integrifolium_west,wild_collection
S005TL,205,36.041615,-14.309358,-10.524406,41.11348,-93.9566582,IA,east,east,s_integrifolium,east,east,s_integrifolium_east,wild_collection
S005TM,206,22.097765,-19.717691,4.5914817,41.11348,-93.9566582,IA,east,east,s_integrifolium,east,east,s_integrifolium_east,wild_collection
S005TP,207,43.834045,-14.162001,-20.975079,41.57353,-94.4907,IA,east,east,s_integrifolium,east,east,s_integrifolium_east,wild_collection
S005TQ,208,46.31285,-9.2649975,-23.726946,41.57353,-94.4907,IA,east,east,s_integrifolium,east,east,s_integrifolium_east,wild_collection
S005TR,209,41.824295,-15.104744,-20.221045,41.57353,-94.4907,IA,east,east,s_integrifolium,east,east,s_integrifolium_east,wild_collection
S005TT,210,27.13564,-10.096126,2.559244,36.27336,-91.3548,AR,east,east,s_integrifolium,east,east,s_integrifolium_east,wild_collection
S005TV,211,-26.317461,-15.136316,1.0518405,36.71372,-95.7128,OK,west,west,s_integrifolium,west,west,s_integrifolium_west,wild_collection
S005TW,212,43.684147,-7.4852033,-11.2817745,42.44837,-93.0517159,IA,east,east,s_integrifolium,east,east,s_integrifolium_east,wild_collection
S005TX,213,44.10533,18.997665,7.201125,41.7286,-88.11756,IL,east,northeast,s_integrifolium,east,northeast,s_integrifolium_northeast,wild_collection
S005U0,214,40.743164,-13.289731,-10.435182,40.6166,-92.838458,IA,east,east,s_integrifolium,east,east,s_integrifolium_east,wild_collection
S005U1,215,38.7332,-14.692512,-14.129748,42.11257,-89.2608,IL,east,east,s_integrifolium,east,east,s_integrifolium_east,wild_collection
S005U5,216,36.549534,-13.59329,-7.791513,40.93493,-92.7638979,IA,east,east,s_integrifolium,east,east,s_integrifolium_east,wild_collection
S005U6,217,44.128735,-9.294566,-18.047972,40.80523,-92.8204025,IA,east,east,s_integrifolium,east,east,s_integrifolium_east,wild_collection
S005U8,218,36.892612,-13.733247,-11.384933,42.11257,-89.2608,IL,east,east,s_integrifolium,east,east,s_integrifolium_east,wild_collection
S005UC,219,44.35262,-12.153017,-17.230518,40.83406,-92.9159244,IA,east,east,s_integrifolium,east,east,s_integrifolium_east,wild_collection
S005UJ,220,40.056984,-16.13713,-16.995907,30.55917,-96.2375,TX,N_A,N_A,s_integrifolium,N_A,N_A,s_integrifolium_NA,wild_collection
S005UP,221,31.704887,-16.685766,-1.5479167,40.64499,-93.1827744,IA,east,east,s_integrifolium,east,east,s_integrifolium_east,wild_collection
S005V4,222,-44.777016,6.728804,-5.109605,41.62292,-97.9353,NE,west,west,s_integrifolium,west,west,s_integrifolium_west,wild_collection
S005V5,223,-56.231857,9.26324,-7.492511,42.08789,-96.3279,NE,west,west,s_integrifolium,west,west,s_integrifolium_west,wild_collection
S005V7,224,33.12401,7.733738,7.3493385,41.55366,-91.1932217,IA,east,east,s_integrifolium,east,east,s_integrifolium_east,wild_collection
S005V8,225,-46.394413,6.777344,-5.1493673,42.08789,-96.3279,NE,west,west,s_integrifolium,west,west,s_integrifolium_west,wild_collection
S005VA,226,-11.492339,-17.684256,1.5021335,36.58919,-95.2205,OK,west,west,s_radula,west,west,s_radula,wild_collection
S005VV,227,-13.493055,-17.494265,0.8373212,36.695,-95.3765,N_A,N_A,N_A,s_integrifolium,N_A,N_A,s_integrifolium_NA,wild_collection
S005VW,228,-49.60482,10.343223,-15.443321,39.1061,-96.5993,N_A,N_A,N_A,s_integrifolium,N_A,N_A,s_integrifolium_NA,wild_collection
S005VX,229,-49.760117,9.756095,-9.374601,41.62292,-97.9353,N_A,N_A,N_A,s_integrifolium,N_A,N_A,s_integrifolium_NA,wild_collection
S005W6,230,48.05314,14.165542,3.228686,38.46611,-90.8217,MO,east,east,s_integrifolium,east,east,s_integrifolium_east,wild_collection
S005W7,231,43.83744,13.40727,4.282715,38.46611,-90.8217,MO,east,east,s_integrifolium,east,east,s_integrifolium_east,wild_collection
S005WA,232,1.9659047,-33.353268,4.013143,30.02985,-95.255,TX,N_A,N_A,s_radula,N_A,N_A,s_radula,wild_collection
S005WF,233,14.242103,-22.210106,20.79797,36.79122,-87.4569,KY,east,east,s_integrifolium,east,east,s_integrifolium_east,wild_collection
S005WH,234,40.754765,5.6143546,6.6084285,38.46603,-90.8216,MO,east,east,s_integrifolium,east,east,s_integrifolium_east,wild_collection
S005WK,235,-31.986267,-12.315727,-4.0715356,36.71372,-95.7128,OK,west,west,s_integrifolium,west,west,s_integrifolium_west,wild_collection
S0060Q,236,44.032352,22.45341,11.326151,NA,NA,check,N_A,N_A,s_integrifolium,N_A,N_A,s_integrifolium_NA,breeding
S0060T,237,-26.329292,-1.9070768,6.145898,42.08789,-96.3279,N_A,N_A,N_A,s_integrifolium,N_A,N_A,s_integrifolium_NA,wild_collection
S0060W,238,-36.154114,-0.5516421,9.680939,NA,NA,N_A,N_A,N_A,s_integrifolium,N_A,N_A,s_integrifolium_NA,N_A
S00614,239,-31.176468,-28.356665,67.71067,NA,NA,F1,N_A,N_A,integrifolium_x_perfoliatum,N_A,N_A,s_integrifolium_x_perfoliatum,breeding
S00615,240,-26.946438,-28.70035,62.556206,NA,NA,F1,N_A,N_A,integrifolium_x_perfoliatum,N_A,N_A,s_integrifolium_x_perfoliatum,breeding
S0061A,241,8.8352995,-59.702965,96.77862,NA,NA,F1,N_A,N_A,integrifolium_x_perfoliatum,N_A,N_A,s_integrifolium_x_perfoliatum,breeding
S0061H,242,-57.239834,7.536986,5.657998,NA,NA,N_A,N_A,N_A,s_integrifolium,N_A,N_A,s_integrifolium_NA,breeding
S0061L,243,-61.404903,14.085595,-5.837726,NA,NA,N_A,N_A,N_A,s_integrifolium,N_A,N_A,s_integrifolium_NA,breeding
S0061Q,244,18.505585,24.515055,21.777184,NA,NA,N_A,N_A,N_A,s_integrifolium,N_A,N_A,s_integrifolium_NA,breeding
S0061U,245,46.85351,31.91436,23.387236,NA,NA,N_A,N_A,N_A,s_integrifolium,N_A,N_A,s_integrifolium_NA,breeding
S0061X,246,-57.137184,8.185204,1.892533,NA,NA,N_A,N_A,N_A,s_integrifolium,N_A,N_A,s_integrifolium_NA,breeding
S0061Y,247,23.669601,34.33976,30.658144,NA,NA,N_A,N_A,N_A,s_integrifolium,N_A,N_A,s_integrifolium_NA,breeding
S00620,248,22.309288,45.5808,22.2497,NA,NA,N_A,N_A,N_A,s_integrifolium,N_A,N_A,s_integrifolium_NA,breeding
S00627,249,43.51439,37.04894,26.400373,NA,NA,N_A,N_A,N_A,s_integrifolium,N_A,N_A,s_integrifolium_NA,breeding
S00628,250,8.202042,39.588757,23.481146,NA,NA,N_A,N_A,N_A,s_integrifolium,N_A,N_A,s_integrifolium_NA,breeding
S00629,251,22.702782,39.25144,17.036985,NA,NA,N_A,N_A,N_A,s_integrifolium,N_A,N_A,s_integrifolium_NA,breeding
S0062E,252,-62.38595,7.3650346,16.804224,NA,NA,N_A,N_A,N_A,s_integrifolium,N_A,N_A,s_integrifolium_NA,breeding
S0062F,253,-41.93871,-1.4935539,11.473927,NA,NA,N_A,N_A,N_A,s_integrifolium,N_A,N_A,s_integrifolium_NA,breeding
S0062M,254,23.231468,31.68284,16.252527,NA,NA,N_A,N_A,N_A,s_integrifolium,N_A,N_A,s_integrifolium_NA,breeding
S0062P,255,-57.936264,8.88705,1.6544576,NA,NA,N_A,N_A,N_A,s_integrifolium,N_A,N_A,s_integrifolium_NA,breeding
S0062Q,256,-55.93807,4.7892146,18.421858,NA,NA,N_A,N_A,N_A,s_integrifolium,N_A,N_A,s_integrifolium_NA,breeding
S0062R,257,-61.180386,10.339105,3.4159844,NA,NA,N_A,N_A,N_A,s_integrifolium,N_A,N_A,s_integrifolium_NA,breeding
S0062V,258,-42.953667,4.805248,-3.0985243,42.41286,-97.223,NE,west,west,s_integrifolium,west,west,s_integrifolium_west,wild_collection